lo_id,topic,lo_number,prerequisites
T1_LO1,1,1,
T1_LO2,1,2,T1_LO1
T1_LO3,1,3,T1_LO2
T1_LO4,1,4,T1_LO3
T1_LO5,1,5,T1_LO4
T1_LO6,1,6,T1_LO5
T1_LO7,1,7,T1_LO6
T1_LO8,1,8,T1_LO7
T1_LO9,1,9,T1_LO8
T1_LO10,1,10,T1_LO9
T2_LO1,2,1,
T2_LO2,2,2,T2_LO1
T2_LO3,2,3,T2_LO2
T2_LO4,2,4,T2_LO3
T2_LO5,2,5,T2_LO4
T2_LO6,2,6,T2_LO5
T2_LO7,2,7,T2_LO6;T1_LO6
T2_LO8,2,8,T2_LO7
T2_LO9,2,9,T2_LO8
T2_LO10,2,10,T2_LO9
T3_LO1,3,1,
T3_LO2,3,2,T3_LO1
T3_LO3,3,3,T3_LO2
T3_LO4,3,4,T3_LO3
T3_LO5,3,5,T3_LO4
T3_LO6,3,6,T3_LO5
T3_LO7,3,7,T3_LO6
T3_LO8,3,8,T3_LO7
T3_LO9,3,9,T3_LO8
T3_LO10,3,10,T3_LO9;T2_LO8
T4_LO1,4,1,
T4_LO2,4,2,T4_LO1
T4_LO3,4,3,T4_LO2;T3_LO5
T4_LO4,4,4,T4_LO3
T4_LO5,4,5,T4_LO4
T4_LO6,4,6,T4_LO5
T4_LO7,4,7,T4_LO6
T4_LO8,4,8,T4_LO7
T4_LO9,4,9,T4_LO8
T4_LO10,4,10,T4_LO9
T5_LO1,5,1,
T5_LO2,5,2,T5_LO1
T5_LO3,5,3,T5_LO2
T5_LO4,5,4,T5_LO3
T5_LO5,5,5,T5_LO4
T5_LO6,5,6,T5_LO5
T5_LO7,5,7,T5_LO6
T5_LO8,5,8,T5_LO7
T5_LO9,5,9,T5_LO8
T5_LO10,5,10,T5_LO9
T6_LO1,6,1,
T6_LO2,6,2,T6_LO1
T6_LO3,6,3,T6_LO2
T6_LO4,6,4,T6_LO3
T6_LO5,6,5,T6_LO4
T6_LO6,6,6,T6_LO5
T6_LO7,6,7,T6_LO6;T5_LO9
T6_LO8,6,8,T6_LO7
T6_LO9,6,9,T6_LO8
T6_LO10,6,10,T6_LO9
T7_LO1,7,1,
T7_LO2,7,2,T7_LO1
T7_LO3,7,3,T7_LO2
T7_LO4,7,4,T7_LO3;T6_LO3
T7_LO5,7,5,T7_LO4
T7_LO6,7,6,T7_LO5
T7_LO7,7,7,T7_LO6
T7_LO8,7,8,T7_LO7
T7_LO9,7,9,T7_LO8
T7_LO10,7,10,T7_LO9
T8_LO1,8,1,
T8_LO2,8,2,T8_LO1
T8_LO3,8,3,T8_LO2
T8_LO4,8,4,T8_LO3
T8_LO5,8,5,T8_LO4
T8_LO6,8,6,T8_LO5
T8_LO7,8,7,T8_LO6
T8_LO8,8,8,T8_LO7
T8_LO9,8,9,T8_LO8
T8_LO10,8,10,T8_LO9
T9_LO1,9,1,
T9_LO2,9,2,T9_LO1
T9_LO3,9,3,T9_LO2
T9_LO4,9,4,T9_LO3
T9_LO5,9,5,T9_LO4
T9_LO6,9,6,T9_LO5
T9_LO7,9,7,T9_LO6
T9_LO8,9,8,T9_LO7
T9_LO9,9,9,T9_LO8
T9_LO10,9,10,T9_LO9
T10_LO1,10,1,
T10_LO2,10,2,T10_LO1;T9_LO9
T10_LO3,10,3,T10_LO2
T10_LO4,10,4,T10_LO3;T9_LO4
T10_LO5,10,5,T10_LO4
T10_LO6,10,6,T10_LO5
T10_LO7,10,7,T10_LO6
T10_LO8,10,8,T10_LO7
T10_LO9,10,9,T10_LO8
T10_LO10,10,10,T10_LO9
T11_LO1,11,1,
T11_LO2,11,2,T11_LO1
T11_LO3,11,3,T11_LO2
T11_LO4,11,4,T11_LO3
T11_LO5,11,5,T11_LO4
T11_LO6,11,6,T11_LO5
T11_LO7,11,7,T11_LO6
T11_LO8,11,8,T11_LO7
T11_LO9,11,9,T11_LO8
T11_LO10,11,10,T11_LO9
T12_LO1,12,1,
T12_LO2,12,2,T12_LO1
T12_LO3,12,3,T12_LO2
T12_LO4,12,4,T12_LO3
T12_LO5,12,5,T12_LO4
T12_LO6,12,6,T12_LO5
T12_LO7,12,7,T12_LO6
T12_LO8,12,8,T12_LO7
T12_LO9,12,9,T12_LO8
T12_LO10,12,10,T12_LO9
T13_LO1,13,1,
T13_LO2,13,2,T13_LO1
T13_LO3,13,3,T13_LO2
T13_LO4,13,4,T13_LO3
T13_LO5,13,5,T13_LO4
T13_LO6,13,6,T13_LO5
T13_LO7,13,7,T13_LO6
T13_LO8,13,8,T13_LO7
T13_LO9,13,9,T13_LO8
T13_LO10,13,10,T13_LO9
T14_LO1,14,1,
T14_LO2,14,2,T14_LO1
T14_LO3,14,3,T14_LO2
T14_LO4,14,4,T14_LO3;T13_LO6
T14_LO5,14,5,T14_LO4
T14_LO6,14,6,T14_LO5
T14_LO7,14,7,T14_LO6
T14_LO8,14,8,T14_LO7
T14_LO9,14,9,T14_LO8
T14_LO10,14,10,T14_LO9
T15_LO1,15,1,
T15_LO2,15,2,T15_LO1
T15_LO3,15,3,T15_LO2
T15_LO4,15,4,T15_LO3
T15_LO5,15,5,T15_LO4
T15_LO6,15,6,T15_LO5
T15_LO7,15,7,T15_LO6
T15_LO8,15,8,T15_LO7
T15_LO9,15,9,T15_LO8
T15_LO10,15,10,T15_LO9
T16_LO1,16,1,
T16_LO2,16,2,T16_LO1
T16_LO3,16,3,T16_LO2
T16_LO4,16,4,T16_LO3
T16_LO5,16,5,T16_LO4
T16_LO6,16,6,T16_LO5
T16_LO7,16,7,T16_LO6
T16_LO8,16,8,T16_LO7
T16_LO9,16,9,T16_LO8
T16_LO10,16,10,T16_LO9
T17_LO1,17,1,
T17_LO2,17,2,T17_LO1
T17_LO3,17,3,T17_LO2
T17_LO4,17,4,T17_LO3
T17_LO5,17,5,T17_LO4
T17_LO6,17,6,T17_LO5
T17_LO7,17,7,T17_LO6
T17_LO8,17,8,T17_LO7
T17_LO9,17,9,T17_LO8
T17_LO10,17,10,T17_LO9
T18_LO1,18,1,
T18_LO2,18,2,T18_LO1
T18_LO3,18,3,T18_LO2
T18_LO4,18,4,T18_LO3
T18_LO5,18,5,T18_LO4
T18_LO6,18,6,T18_LO5
T18_LO7,18,7,T18_LO6
T18_LO8,18,8,T18_LO7
T18_LO9,18,9,T18_LO8
T18_LO10,18,10,T18_LO9
T19_LO1,19,1,
T19_LO2,19,2,T19_LO1
T19_LO3,19,3,T19_LO2
T19_LO4,19,4,T19_LO3;T18_LO6
T19_LO5,19,5,T19_LO4
T19_LO6,19,6,T19_LO5
T19_LO7,19,7,T19_LO6
T19_LO8,19,8,T19_LO7
T19_LO9,19,9,T19_LO8
T19_LO10,19,10,T19_LO9
T20_LO1,20,1,
T20_LO2,20,2,T20_LO1
T20_LO3,20,3,T20_LO2
T20_LO4,20,4,T20_LO3
T20_LO5,20,5,T20_LO4;T19_LO6
T20_LO6,20,6,T20_LO5;T19_LO2
T20_LO7,20,7,T20_LO6
T20_LO8,20,8,T20_LO7
T20_LO9,20,9,T20_LO8
T20_LO10,20,10,T20_LO9
T21_LO1,21,1,
T21_LO2,21,2,T21_LO1
T21_LO3,21,3,T21_LO2
T21_LO4,21,4,T21_LO3
T21_LO5,21,5,T21_LO4
T21_LO6,21,6,T21_LO5
T21_LO7,21,7,T21_LO6
T21_LO8,21,8,T21_LO7;T20_LO3
T21_LO9,21,9,T21_LO8
T21_LO10,21,10,T21_LO9
T22_LO1,22,1,
T22_LO2,22,2,T22_LO1
T22_LO3,22,3,T22_LO2
T22_LO4,22,4,T22_LO3
T22_LO5,22,5,T22_LO4
T22_LO6,22,6,T22_LO5
T22_LO7,22,7,T22_LO6
T22_LO8,22,8,T22_LO7
T22_LO9,22,9,T22_LO8
T22_LO10,22,10,T22_LO9
T23_LO1,23,1,
T23_LO2,23,2,T23_LO1
T23_LO3,23,3,T23_LO2
T23_LO4,23,4,T23_LO3
T23_LO5,23,5,T23_LO4
T23_LO6,23,6,T23_LO5
T23_LO7,23,7,T23_LO6
T23_LO8,23,8,T23_LO7
T23_LO9,23,9,T23_LO8
T23_LO10,23,10,T23_LO9
T24_LO1,24,1,
T24_LO2,24,2,T24_LO1
T24_LO3,24,3,T24_LO2
T24_LO4,24,4,T24_LO3
T24_LO5,24,5,T24_LO4
T24_LO6,24,6,T24_LO5
T24_LO7,24,7,T24_LO6
T24_LO8,24,8,T24_LO7
T24_LO9,24,9,T24_LO8
T24_LO10,24,10,T24_LO9
T25_LO1,25,1,
T25_LO2,25,2,T25_LO1;T24_LO3
T25_LO3,25,3,T25_LO2
T25_LO4,25,4,T25_LO3
T25_LO5,25,5,T25_LO4
T25_LO6,25,6,T25_LO5
T25_LO7,25,7,T25_LO6
T25_LO8,25,8,T25_LO7
T25_LO9,25,9,T25_LO8
T25_LO10,25,10,T25_LO9
T26_LO1,26,1,
T26_LO2,26,2,T26_LO1
T26_LO3,26,3,T26_LO2
T26_LO4,26,4,T26_LO3
T26_LO5,26,5,T26_LO4
T26_LO6,26,6,T26_LO5
T26_LO7,26,7,T26_LO6
T26_LO8,26,8,T26_LO7
T26_LO9,26,9,T26_LO8
T26_LO10,26,10,T26_LO9
T27_LO1,27,1,
T27_LO2,27,2,T27_LO1
T27_LO3,27,3,T27_LO2
T27_LO4,27,4,T27_LO3
T27_LO5,27,5,T27_LO4;T26_LO3
T27_LO6,27,6,T27_LO5
T27_LO7,27,7,T27_LO6
T27_LO8,27,8,T27_LO7
T27_LO9,27,9,T27_LO8;T26_LO9
T27_LO10,27,10,T27_LO9
T28_LO1,28,1,
T28_LO2,28,2,T28_LO1
T28_LO3,28,3,T28_LO2
T28_LO4,28,4,T28_LO3
T28_LO5,28,5,T28_LO4
T28_LO6,28,6,T28_LO5
T28_LO7,28,7,T28_LO6
T28_LO8,28,8,T28_LO7
T28_LO9,28,9,T28_LO8
T28_LO10,28,10,T28_LO9
T29_LO1,29,1,
T29_LO2,29,2,T29_LO1;T28_LO4
T29_LO3,29,3,T29_LO2
T29_LO4,29,4,T29_LO3
T29_LO5,29,5,T29_LO4
T29_LO6,29,6,T29_LO5
T29_LO7,29,7,T29_LO6
T29_LO8,29,8,T29_LO7
T29_LO9,29,9,T29_LO8
T29_LO10,29,10,T29_LO9
T30_LO1,30,1,
T30_LO2,30,2,T30_LO1
T30_LO3,30,3,T30_LO2
T30_LO4,30,4,T30_LO3
T30_LO5,30,5,T30_LO4
T30_LO6,30,6,T30_LO5
T30_LO7,30,7,T30_LO6
T30_LO8,30,8,T30_LO7
T30_LO9,30,9,T30_LO8
T30_LO10,30,10,T30_LO9
T31_LO1,31,1,
T31_LO2,31,2,T31_LO1
T31_LO3,31,3,T31_LO2
T31_LO4,31,4,T31_LO3
T31_LO5,31,5,T31_LO4
T31_LO6,31,6,T31_LO5
T31_LO7,31,7,T31_LO6
T31_LO8,31,8,T31_LO7
T31_LO9,31,9,T31_LO8;T30_LO9
T31_LO10,31,10,T31_LO9
T32_LO1,32,1,
T32_LO2,32,2,T32_LO1
T32_LO3,32,3,T32_LO2
T32_LO4,32,4,T32_LO3
T32_LO5,32,5,T32_LO4
T32_LO6,32,6,T32_LO5
T32_LO7,32,7,T32_LO6
T32_LO8,32,8,T32_LO7
T32_LO9,32,9,T32_LO8
T32_LO10,32,10,T32_LO9
T33_LO1,33,1,
T33_LO2,33,2,T33_LO1
T33_LO3,33,3,T33_LO2
T33_LO4,33,4,T33_LO3
T33_LO5,33,5,T33_LO4
T33_LO6,33,6,T33_LO5
T33_LO7,33,7,T33_LO6
T33_LO8,33,8,T33_LO7
T33_LO9,33,9,T33_LO8
T33_LO10,33,10,T33_LO9
T34_LO1,34,1,
T34_LO2,34,2,T34_LO1
T34_LO3,34,3,T34_LO2
T34_LO4,34,4,T34_LO3
T34_LO5,34,5,T34_LO4
T34_LO6,34,6,T34_LO5
T34_LO7,34,7,T34_LO6;T33_LO5
T34_LO8,34,8,T34_LO7
T34_LO9,34,9,T34_LO8
T34_LO10,34,10,T34_LO9
T35_LO1,35,1,
T35_LO2,35,2,T35_LO1
T35_LO3,35,3,T35_LO2
T35_LO4,35,4,T35_LO3;T34_LO8
T35_LO5,35,5,T35_LO4
T35_LO6,35,6,T35_LO5
T35_LO7,35,7,T35_LO6
T35_LO8,35,8,T35_LO7
T35_LO9,35,9,T35_LO8
T35_LO10,35,10,T35_LO9
T36_LO1,36,1,
T36_LO2,36,2,T36_LO1
T36_LO3,36,3,T36_LO2
T36_LO4,36,4,T36_LO3
T36_LO5,36,5,T36_LO4
T36_LO6,36,6,T36_LO5
T36_LO7,36,7,T36_LO6
T36_LO8,36,8,T36_LO7;T35_LO10
T36_LO9,36,9,T36_LO8
T36_LO10,36,10,T36_LO9
T37_LO1,37,1,
T37_LO2,37,2,T37_LO1;T36_LO4
T37_LO3,37,3,T37_LO2
T37_LO4,37,4,T37_LO3
T37_LO5,37,5,T37_LO4
T37_LO6,37,6,T37_LO5
T37_LO7,37,7,T37_LO6
T37_LO8,37,8,T37_LO7;T36_LO3
T37_LO9,37,9,T37_LO8
T37_LO10,37,10,T37_LO9
T38_LO1,38,1,
T38_LO2,38,2,T38_LO1
T38_LO3,38,3,T38_LO2
T38_LO4,38,4,T38_LO3
T38_LO5,38,5,T38_LO4
T38_LO6,38,6,T38_LO5
T38_LO7,38,7,T38_LO6
T38_LO8,38,8,T38_LO7
T38_LO9,38,9,T38_LO8
T38_LO10,38,10,T38_LO9
T39_LO1,39,1,
T39_LO2,39,2,T39_LO1
T39_LO3,39,3,T39_LO2
T39_LO4,39,4,T39_LO3
T39_LO5,39,5,T39_LO4
T39_LO6,39,6,T39_LO5
T39_LO7,39,7,T39_LO6
T39_LO8,39,8,T39_LO7
T39_LO9,39,9,T39_LO8
T39_LO10,39,10,T39_LO9
T40_LO1,40,1,
T40_LO2,40,2,T40_LO1
T40_LO3,40,3,T40_LO2
T40_LO4,40,4,T40_LO3
T40_LO5,40,5,T40_LO4
T40_LO6,40,6,T40_LO5
T40_LO7,40,7,T40_LO6
T40_LO8,40,8,T40_LO7
T40_LO9,40,9,T40_LO8
T40_LO10,40,10,T40_LO9
T41_LO1,41,1,
T41_LO2,41,2,T41_LO1
T41_LO3,41,3,T41_LO2
T41_LO4,41,4,T41_LO3;T40_LO10
T41_LO5,41,5,T41_LO4
T41_LO6,41,6,T41_LO5
T41_LO7,41,7,T41_LO6
T41_LO8,41,8,T41_LO7
T41_LO9,41,9,T41_LO8;T40_LO8
T41_LO10,41,10,T41_LO9
T42_LO1,42,1,
T42_LO2,42,2,T42_LO1
T42_LO3,42,3,T42_LO2
T42_LO4,42,4,T42_LO3
T42_LO5,42,5,T42_LO4
T42_LO6,42,6,T42_LO5
T42_LO7,42,7,T42_LO6
T42_LO8,42,8,T42_LO7
T42_LO9,42,9,T42_LO8
T42_LO10,42,10,T42_LO9
T43_LO1,43,1,
T43_LO2,43,2,T43_LO1
T43_LO3,43,3,T43_LO2;T42_LO3
T43_LO4,43,4,T43_LO3
T43_LO5,43,5,T43_LO4
T43_LO6,43,6,T43_LO5
T43_LO7,43,7,T43_LO6
T43_LO8,43,8,T43_LO7
T43_LO9,43,9,T43_LO8
T43_LO10,43,10,T43_LO9
T44_LO1,44,1,
T44_LO2,44,2,T44_LO1
T44_LO3,44,3,T44_LO2
T44_LO4,44,4,T44_LO3
T44_LO5,44,5,T44_LO4
T44_LO6,44,6,T44_LO5
T44_LO7,44,7,T44_LO6
T44_LO8,44,8,T44_LO7
T44_LO9,44,9,T44_LO8
T44_LO10,44,10,T44_LO9
T45_LO1,45,1,
T45_LO2,45,2,T45_LO1
T45_LO3,45,3,T45_LO2
T45_LO4,45,4,T45_LO3
T45_LO5,45,5,T45_LO4
T45_LO6,45,6,T45_LO5
T45_LO7,45,7,T45_LO6
T45_LO8,45,8,T45_LO7;T44_LO2
T45_LO9,45,9,T45_LO8
T45_LO10,45,10,T45_LO9
T46_LO1,46,1,
T46_LO2,46,2,T46_LO1
T46_LO3,46,3,T46_LO2
T46_LO4,46,4,T46_LO3
T46_LO5,46,5,T46_LO4
T46_LO6,46,6,T46_LO5
T46_LO7,46,7,T46_LO6
T46_LO8,46,8,T46_LO7
T46_LO9,46,9,T46_LO8
T46_LO10,46,10,T46_LO9
T47_LO1,47,1,
T47_LO2,47,2,T47_LO1
T47_LO3,47,3,T47_LO2;T46_LO7
T47_LO4,47,4,T47_LO3
T47_LO5,47,5,T47_LO4
T47_LO6,47,6,T47_LO5
T47_LO7,47,7,T47_LO6;T46_LO6
T47_LO8,47,8,T47_LO7
T47_LO9,47,9,T47_LO8
T47_LO10,47,10,T47_LO9
T48_LO1,48,1,
T48_LO2,48,2,T48_LO1;T47_LO6
T48_LO3,48,3,T48_LO2
T48_LO4,48,4,T48_LO3
T48_LO5,48,5,T48_LO4
T48_LO6,48,6,T48_LO5
T48_LO7,48,7,T48_LO6
T48_LO8,48,8,T48_LO7;T47_LO5
T48_LO9,48,9,T48_LO8
T48_LO10,48,10,T48_LO9
T49_LO1,49,1,
T49_LO2,49,2,T49_LO1;T48_LO5
T49_LO3,49,3,T49_LO2
T49_LO4,49,4,T49_LO3
T49_LO5,49,5,T49_LO4
T49_LO6,49,6,T49_LO5
T49_LO7,49,7,T49_LO6
T49_LO8,49,8,T49_LO7
T49_LO9,49,9,T49_LO8
T49_LO10,49,10,T49_LO9
T50_LO1,50,1,
T50_LO2,50,2,T50_LO1
T50_LO3,50,3,T50_LO2
T50_LO4,50,4,T50_LO3
T50_LO5,50,5,T50_LO4
T50_LO6,50,6,T50_LO5
T50_LO7,50,7,T50_LO6
T50_LO8,50,8,T50_LO7
T50_LO9,50,9,T50_LO8
T50_LO10,50,10,T50_LO9;T49_LO6
T51_LO1,51,1,
T51_LO2,51,2,T51_LO1
T51_LO3,51,3,T51_LO2
T51_LO4,51,4,T51_LO3
T51_LO5,51,5,T51_LO4
T51_LO6,51,6,T51_LO5;T50_LO5
T51_LO7,51,7,T51_LO6
T51_LO8,51,8,T51_LO7
T51_LO9,51,9,T51_LO8
T51_LO10,51,10,T51_LO9
T52_LO1,52,1,
T52_LO2,52,2,T52_LO1
T52_LO3,52,3,T52_LO2
T52_LO4,52,4,T52_LO3
T52_LO5,52,5,T52_LO4
T52_LO6,52,6,T52_LO5
T52_LO7,52,7,T52_LO6
T52_LO8,52,8,T52_LO7
T52_LO9,52,9,T52_LO8;T51_LO4
T52_LO10,52,10,T52_LO9
T53_LO1,53,1,
T53_LO2,53,2,T53_LO1
T53_LO3,53,3,T53_LO2;T52_LO1
T53_LO4,53,4,T53_LO3
T53_LO5,53,5,T53_LO4
T53_LO6,53,6,T53_LO5
T53_LO7,53,7,T53_LO6
T53_LO8,53,8,T53_LO7
T53_LO9,53,9,T53_LO8
T53_LO10,53,10,T53_LO9
T54_LO1,54,1,
T54_LO2,54,2,T54_LO1
T54_LO3,54,3,T54_LO2
T54_LO4,54,4,T54_LO3
T54_LO5,54,5,T54_LO4
T54_LO6,54,6,T54_LO5
T54_LO7,54,7,T54_LO6
T54_LO8,54,8,T54_LO7
T54_LO9,54,9,T54_LO8
T54_LO10,54,10,T54_LO9
T55_LO1,55,1,
T55_LO2,55,2,T55_LO1
T55_LO3,55,3,T55_LO2
T55_LO4,55,4,T55_LO3
T55_LO5,55,5,T55_LO4
T55_LO6,55,6,T55_LO5
T55_LO7,55,7,T55_LO6
T55_LO8,55,8,T55_LO7
T55_LO9,55,9,T55_LO8
T55_LO10,55,10,T55_LO9
T56_LO1,56,1,
T56_LO2,56,2,T56_LO1
T56_LO3,56,3,T56_LO2
T56_LO4,56,4,T56_LO3
T56_LO5,56,5,T56_LO4
T56_LO6,56,6,T56_LO5
T56_LO7,56,7,T56_LO6
T56_LO8,56,8,T56_LO7
T56_LO9,56,9,T56_LO8
T56_LO10,56,10,T56_LO9
T57_LO1,57,1,
T57_LO2,57,2,T57_LO1;T56_LO7
T57_LO3,57,3,T57_LO2
T57_LO4,57,4,T57_LO3
T57_LO5,57,5,T57_LO4
T57_LO6,57,6,T57_LO5
T57_LO7,57,7,T57_LO6
T57_LO8,57,8,T57_LO7
T57_LO9,57,9,T57_LO8
T57_LO10,57,10,T57_LO9
T58_LO1,58,1,
T58_LO2,58,2,T58_LO1
T58_LO3,58,3,T58_LO2
T58_LO4,58,4,T58_LO3
T58_LO5,58,5,T58_LO4;T57_LO4
T58_LO6,58,6,T58_LO5
T58_LO7,58,7,T58_LO6
T58_LO8,58,8,T58_LO7
T58_LO9,58,9,T58_LO8
T58_LO10,58,10,T58_LO9
T59_LO1,59,1,
T59_LO2,59,2,T59_LO1
T59_LO3,59,3,T59_LO2
T59_LO4,59,4,T59_LO3
T59_LO5,59,5,T59_LO4
T59_LO6,59,6,T59_LO5
T59_LO7,59,7,T59_LO6
T59_LO8,59,8,T59_LO7
T59_LO9,59,9,T59_LO8
T59_LO10,59,10,T59_LO9
T60_LO1,60,1,
T60_LO2,60,2,T60_LO1
T60_LO3,60,3,T60_LO2
T60_LO4,60,4,T60_LO3;T59_LO8
T60_LO5,60,5,T60_LO4
T60_LO6,60,6,T60_LO5
T60_LO7,60,7,T60_LO6
T60_LO8,60,8,T60_LO7
T60_LO9,60,9,T60_LO8
T60_LO10,60,10,T60_LO9
T61_LO1,61,1,
T61_LO2,61,2,T61_LO1
T61_LO3,61,3,T61_LO2
T61_LO4,61,4,T61_LO3
T61_LO5,61,5,T61_LO4
T61_LO6,61,6,T61_LO5
T61_LO7,61,7,T61_LO6
T61_LO8,61,8,T61_LO7
T61_LO9,61,9,T61_LO8
T61_LO10,61,10,T61_LO9
T62_LO1,62,1,
T62_LO2,62,2,T62_LO1;T61_LO3
T62_LO3,62,3,T62_LO2
T62_LO4,62,4,T62_LO3;T61_LO9
T62_LO5,62,5,T62_LO4
T62_LO6,62,6,T62_LO5
T62_LO7,62,7,T62_LO6
T62_LO8,62,8,T62_LO7
T62_LO9,62,9,T62_LO8
T62_LO10,62,10,T62_LO9
T63_LO1,63,1,
T63_LO2,63,2,T63_LO1
T63_LO3,63,3,T63_LO2
T63_LO4,63,4,T63_LO3
T63_LO5,63,5,T63_LO4
T63_LO6,63,6,T63_LO5
T63_LO7,63,7,T63_LO6
T63_LO8,63,8,T63_LO7
T63_LO9,63,9,T63_LO8;T62_LO2
T63_LO10,63,10,T63_LO9
T64_LO1,64,1,
T64_LO2,64,2,T64_LO1;T63_LO9
T64_LO3,64,3,T64_LO2
T64_LO4,64,4,T64_LO3
T64_LO5,64,5,T64_LO4
T64_LO6,64,6,T64_LO5;T63_LO6
T64_LO7,64,7,T64_LO6
T64_LO8,64,8,T64_LO7
T64_LO9,64,9,T64_LO8
T64_LO10,64,10,T64_LO9
T65_LO1,65,1,
T65_LO2,65,2,T65_LO1
T65_LO3,65,3,T65_LO2
T65_LO4,65,4,T65_LO3
T65_LO5,65,5,T65_LO4
T65_LO6,65,6,T65_LO5
T65_LO7,65,7,T65_LO6
T65_LO8,65,8,T65_LO7
T65_LO9,65,9,T65_LO8
T65_LO10,65,10,T65_LO9;T64_LO7
T66_LO1,66,1,
T66_LO2,66,2,T66_LO1
T66_LO3,66,3,T66_LO2
T66_LO4,66,4,T66_LO3
T66_LO5,66,5,T66_LO4
T66_LO6,66,6,T66_LO5
T66_LO7,66,7,T66_LO6
T66_LO8,66,8,T66_LO7
T66_LO9,66,9,T66_LO8
T66_LO10,66,10,T66_LO9
T67_LO1,67,1,
T67_LO2,67,2,T67_LO1
T67_LO3,67,3,T67_LO2
T67_LO4,67,4,T67_LO3
T67_LO5,67,5,T67_LO4
T67_LO6,67,6,T67_LO5
T67_LO7,67,7,T67_LO6
T67_LO8,67,8,T67_LO7
T67_LO9,67,9,T67_LO8
T67_LO10,67,10,T67_LO9
T68_LO1,68,1,
T68_LO2,68,2,T68_LO1
T68_LO3,68,3,T68_LO2
T68_LO4,68,4,T68_LO3;T67_LO1
T68_LO5,68,5,T68_LO4
T68_LO6,68,6,T68_LO5
T68_LO7,68,7,T68_LO6
T68_LO8,68,8,T68_LO7
T68_LO9,68,9,T68_LO8
T68_LO10,68,10,T68_LO9
T69_LO1,69,1,
T69_LO2,69,2,T69_LO1
T69_LO3,69,3,T69_LO2
T69_LO4,69,4,T69_LO3
T69_LO5,69,5,T69_LO4
T69_LO6,69,6,T69_LO5
T69_LO7,69,7,T69_LO6
T69_LO8,69,8,T69_LO7
T69_LO9,69,9,T69_LO8
T69_LO10,69,10,T69_LO9
T70_LO1,70,1,
T70_LO2,70,2,T70_LO1
T70_LO3,70,3,T70_LO2
T70_LO4,70,4,T70_LO3
T70_LO5,70,5,T70_LO4
T70_LO6,70,6,T70_LO5
T70_LO7,70,7,T70_LO6
T70_LO8,70,8,T70_LO7
T70_LO9,70,9,T70_LO8
T70_LO10,70,10,T70_LO9
T71_LO1,71,1,
T71_LO2,71,2,T71_LO1
T71_LO3,71,3,T71_LO2;T70_LO2
T71_LO4,71,4,T71_LO3
T71_LO5,71,5,T71_LO4
T71_LO6,71,6,T71_LO5
T71_LO7,71,7,T71_LO6
T71_LO8,71,8,T71_LO7
T71_LO9,71,9,T71_LO8
T71_LO10,71,10,T71_LO9;T70_LO3
T72_LO1,72,1,
T72_LO2,72,2,T72_LO1
T72_LO3,72,3,T72_LO2
T72_LO4,72,4,T72_LO3
T72_LO5,72,5,T72_LO4
T72_LO6,72,6,T72_LO5
T72_LO7,72,7,T72_LO6
T72_LO8,72,8,T72_LO7
T72_LO9,72,9,T72_LO8
T72_LO10,72,10,T72_LO9
T73_LO1,73,1,
T73_LO2,73,2,T73_LO1
T73_LO3,73,3,T73_LO2;T72_LO7
T73_LO4,73,4,T73_LO3
T73_LO5,73,5,T73_LO4
T73_LO6,73,6,T73_LO5;T72_LO8
T73_LO7,73,7,T73_LO6
T73_LO8,73,8,T73_LO7
T73_LO9,73,9,T73_LO8
T73_LO10,73,10,T73_LO9
T74_LO1,74,1,
T74_LO2,74,2,T74_LO1
T74_LO3,74,3,T74_LO2
T74_LO4,74,4,T74_LO3
T74_LO5,74,5,T74_LO4;T73_LO6
T74_LO6,74,6,T74_LO5
T74_LO7,74,7,T74_LO6
T74_LO8,74,8,T74_LO7
T74_LO9,74,9,T74_LO8
T74_LO10,74,10,T74_LO9
T75_LO1,75,1,
T75_LO2,75,2,T75_LO1
T75_LO3,75,3,T75_LO2
T75_LO4,75,4,T75_LO3
T75_LO5,75,5,T75_LO4
T75_LO6,75,6,T75_LO5
T75_LO7,75,7,T75_LO6
T75_LO8,75,8,T75_LO7
T75_LO9,75,9,T75_LO8
T75_LO10,75,10,T75_LO9
T76_LO1,76,1,
T76_LO2,76,2,T76_LO1
T76_LO3,76,3,T76_LO2
T76_LO4,76,4,T76_LO3
T76_LO5,76,5,T76_LO4
T76_LO6,76,6,T76_LO5
T76_LO7,76,7,T76_LO6
T76_LO8,76,8,T76_LO7
T76_LO9,76,9,T76_LO8
T76_LO10,76,10,T76_LO9
T77_LO1,77,1,
T77_LO2,77,2,T77_LO1
T77_LO3,77,3,T77_LO2
T77_LO4,77,4,T77_LO3
T77_LO5,77,5,T77_LO4
T77_LO6,77,6,T77_LO5
T77_LO7,77,7,T77_LO6
T77_LO8,77,8,T77_LO7;T76_LO7
T77_LO9,77,9,T77_LO8
T77_LO10,77,10,T77_LO9;T76_LO10
T78_LO1,78,1,
T78_LO2,78,2,T78_LO1
T78_LO3,78,3,T78_LO2
T78_LO4,78,4,T78_LO3
T78_LO5,78,5,T78_LO4
T78_LO6,78,6,T78_LO5
T78_LO7,78,7,T78_LO6
T78_LO8,78,8,T78_LO7
T78_LO9,78,9,T78_LO8
T78_LO10,78,10,T78_LO9
T79_LO1,79,1,
T79_LO2,79,2,T79_LO1
T79_LO3,79,3,T79_LO2
T79_LO4,79,4,T79_LO3
T79_LO5,79,5,T79_LO4
T79_LO6,79,6,T79_LO5
T79_LO7,79,7,T79_LO6
T79_LO8,79,8,T79_LO7
T79_LO9,79,9,T79_LO8
T79_LO10,79,10,T79_LO9
T80_LO1,80,1,
T80_LO2,80,2,T80_LO1
T80_LO3,80,3,T80_LO2
T80_LO4,80,4,T80_LO3
T80_LO5,80,5,T80_LO4
T80_LO6,80,6,T80_LO5
T80_LO7,80,7,T80_LO6
T80_LO8,80,8,T80_LO7
T80_LO9,80,9,T80_LO8
T80_LO10,80,10,T80_LO9
T81_LO1,81,1,
T81_LO2,81,2,T81_LO1
T81_LO3,81,3,T81_LO2;T80_LO8
T81_LO4,81,4,T81_LO3;T80_LO7
T81_LO5,81,5,T81_LO4
T81_LO6,81,6,T81_LO5
T81_LO7,81,7,T81_LO6
T81_LO8,81,8,T81_LO7
T81_LO9,81,9,T81_LO8
T81_LO10,81,10,T81_LO9
T82_LO1,82,1,
T82_LO2,82,2,T82_LO1
T82_LO3,82,3,T82_LO2
T82_LO4,82,4,T82_LO3;T81_LO1
T82_LO5,82,5,T82_LO4
T82_LO6,82,6,T82_LO5
T82_LO7,82,7,T82_LO6
T82_LO8,82,8,T82_LO7
T82_LO9,82,9,T82_LO8
T82_LO10,82,10,T82_LO9
T83_LO1,83,1,
T83_LO2,83,2,T83_LO1
T83_LO3,83,3,T83_LO2
T83_LO4,83,4,T83_LO3;T82_LO5
T83_LO5,83,5,T83_LO4;T82_LO5
T83_LO6,83,6,T83_LO5;T82_LO7
T83_LO7,83,7,T83_LO6
T83_LO8,83,8,T83_LO7
T83_LO9,83,9,T83_LO8
T83_LO10,83,10,T83_LO9
T84_LO1,84,1,
T84_LO2,84,2,T84_LO1
T84_LO3,84,3,T84_LO2
T84_LO4,84,4,T84_LO3
T84_LO5,84,5,T84_LO4
T84_LO6,84,6,T84_LO5
T84_LO7,84,7,T84_LO6
T84_LO8,84,8,T84_LO7
T84_LO9,84,9,T84_LO8
T84_LO10,84,10,T84_LO9
T85_LO1,85,1,
T85_LO2,85,2,T85_LO1
T85_LO3,85,3,T85_LO2
T85_LO4,85,4,T85_LO3
T85_LO5,85,5,T85_LO4
T85_LO6,85,6,T85_LO5
T85_LO7,85,7,T85_LO6
T85_LO8,85,8,T85_LO7
T85_LO9,85,9,T85_LO8
T85_LO10,85,10,T85_LO9
T86_LO1,86,1,
T86_LO2,86,2,T86_LO1
T86_LO3,86,3,T86_LO2
T86_LO4,86,4,T86_LO3
T86_LO5,86,5,T86_LO4
T86_LO6,86,6,T86_LO5
T86_LO7,86,7,T86_LO6
T86_LO8,86,8,T86_LO7
T86_LO9,86,9,T86_LO8
T86_LO10,86,10,T86_LO9
T87_LO1,87,1,
T87_LO2,87,2,T87_LO1
T87_LO3,87,3,T87_LO2
T87_LO4,87,4,T87_LO3
T87_LO5,87,5,T87_LO4
T87_LO6,87,6,T87_LO5
T87_LO7,87,7,T87_LO6
T87_LO8,87,8,T87_LO7
T87_LO9,87,9,T87_LO8
T87_LO10,87,10,T87_LO9
T88_LO1,88,1,
T88_LO2,88,2,T88_LO1;T87_LO9
T88_LO3,88,3,T88_LO2
T88_LO4,88,4,T88_LO3
T88_LO5,88,5,T88_LO4
T88_LO6,88,6,T88_LO5
T88_LO7,88,7,T88_LO6
T88_LO8,88,8,T88_LO7;T87_LO5
T88_LO9,88,9,T88_LO8
T88_LO10,88,10,T88_LO9
T89_LO1,89,1,
T89_LO2,89,2,T89_LO1
T89_LO3,89,3,T89_LO2
T89_LO4,89,4,T89_LO3
T89_LO5,89,5,T89_LO4
T89_LO6,89,6,T89_LO5
T89_LO7,89,7,T89_LO6
T89_LO8,89,8,T89_LO7
T89_LO9,89,9,T89_LO8
T89_LO10,89,10,T89_LO9
T90_LO1,90,1,
T90_LO2,90,2,T90_LO1
T90_LO3,90,3,T90_LO2;T89_LO6
T90_LO4,90,4,T90_LO3
T90_LO5,90,5,T90_LO4
T90_LO6,90,6,T90_LO5
T90_LO7,90,7,T90_LO6
T90_LO8,90,8,T90_LO7
T90_LO9,90,9,T90_LO8
T90_LO10,90,10,T90_LO9
T91_LO1,91,1,
T91_LO2,91,2,T91_LO1
T91_LO3,91,3,T91_LO2
T91_LO4,91,4,T91_LO3
T91_LO5,91,5,T91_LO4
T91_LO6,91,6,T91_LO5;T90_LO7
T91_LO7,91,7,T91_LO6
T91_LO8,91,8,T91_LO7
T91_LO9,91,9,T91_LO8;T90_LO3
T91_LO10,91,10,T91_LO9;T90_LO4
T92_LO1,92,1,
T92_LO2,92,2,T92_LO1;T91_LO7
T92_LO3,92,3,T92_LO2
T92_LO4,92,4,T92_LO3;T91_LO3
T92_LO5,92,5,T92_LO4
T92_LO6,92,6,T92_LO5
T92_LO7,92,7,T92_LO6
T92_LO8,92,8,T92_LO7
T92_LO9,92,9,T92_LO8
T92_LO10,92,10,T92_LO9
T93_LO1,93,1,
T93_LO2,93,2,T93_LO1
T93_LO3,93,3,T93_LO2;T92_LO1
T93_LO4,93,4,T93_LO3
T93_LO5,93,5,T93_LO4
T93_LO6,93,6,T93_LO5
T93_LO7,93,7,T93_LO6;T92_LO4
T93_LO8,93,8,T93_LO7
T93_LO9,93,9,T93_LO8
T93_LO10,93,10,T93_LO9;T92_LO8
T94_LO1,94,1,
T94_LO2,94,2,T94_LO1
T94_LO3,94,3,T94_LO2
T94_LO4,94,4,T94_LO3
T94_LO5,94,5,T94_LO4
T94_LO6,94,6,T94_LO5
T94_LO7,94,7,T94_LO6;T93_LO6
T94_LO8,94,8,T94_LO7
T94_LO9,94,9,T94_LO8
T94_LO10,94,10,T94_LO9
T95_LO1,95,1,
T95_LO2,95,2,T95_LO1
T95_LO3,95,3,T95_LO2
T95_LO4,95,4,T95_LO3
T95_LO5,95,5,T95_LO4
T95_LO6,95,6,T95_LO5
T95_LO7,95,7,T95_LO6
T95_LO8,95,8,T95_LO7
T95_LO9,95,9,T95_LO8
T95_LO10,95,10,T95_LO9
T96_LO1,96,1,
T96_LO2,96,2,T96_LO1
T96_LO3,96,3,T96_LO2
T96_LO4,96,4,T96_LO3
T96_LO5,96,5,T96_LO4
T96_LO6,96,6,T96_LO5
T96_LO7,96,7,T96_LO6
T96_LO8,96,8,T96_LO7
T96_LO9,96,9,T96_LO8
T96_LO10,96,10,T96_LO9
T97_LO1,97,1,
T97_LO2,97,2,T97_LO1
T97_LO3,97,3,T97_LO2
T97_LO4,97,4,T97_LO3
T97_LO5,97,5,T97_LO4
T97_LO6,97,6,T97_LO5
T97_LO7,97,7,T97_LO6
T97_LO8,97,8,T97_LO7
T97_LO9,97,9,T97_LO8
T97_LO10,97,10,T97_LO9
T98_LO1,98,1,
T98_LO2,98,2,T98_LO1
T98_LO3,98,3,T98_LO2
T98_LO4,98,4,T98_LO3
T98_LO5,98,5,T98_LO4
T98_LO6,98,6,T98_LO5
T98_LO7,98,7,T98_LO6
T98_LO8,98,8,T98_LO7
T98_LO9,98,9,T98_LO8
T98_LO10,98,10,T98_LO9
T99_LO1,99,1,
T99_LO2,99,2,T99_LO1
T99_LO3,99,3,T99_LO2
T99_LO4,99,4,T99_LO3
T99_LO5,99,5,T99_LO4
T99_LO6,99,6,T99_LO5
T99_LO7,99,7,T99_LO6
T99_LO8,99,8,T99_LO7;T98_LO1
T99_LO9,99,9,T99_LO8
T99_LO10,99,10,T99_LO9
T100_LO1,100,1,
T100_LO2,100,2,T100_LO1
T100_LO3,100,3,T100_LO2
T100_LO4,100,4,T100_LO3
T100_LO5,100,5,T100_LO4;T99_LO1
T100_LO6,100,6,T100_LO5
T100_LO7,100,7,T100_LO6
T100_LO8,100,8,T100_LO7;T99_LO5
T100_LO9,100,9,T100_LO8
T100_LO10,100,10,T100_LO9
T101_LO1,101,1,
T101_LO2,101,2,T101_LO1
T101_LO3,101,3,T101_LO2
T101_LO4,101,4,T101_LO3
T101_LO5,101,5,T101_LO4
T101_LO6,101,6,T101_LO5;T100_LO2
T101_LO7,101,7,T101_LO6
T101_LO8,101,8,T101_LO7
T101_LO9,101,9,T101_LO8
T101_LO10,101,10,T101_LO9
T102_LO1,102,1,
T102_LO2,102,2,T102_LO1
T102_LO3,102,3,T102_LO2
T102_LO4,102,4,T102_LO3
T102_LO5,102,5,T102_LO4
T102_LO6,102,6,T102_LO5
T102_LO7,102,7,T102_LO6
T102_LO8,102,8,T102_LO7
T102_LO9,102,9,T102_LO8
T102_LO10,102,10,T102_LO9
T103_LO1,103,1,
T103_LO2,103,2,T103_LO1;T102_LO6
T103_LO3,103,3,T103_LO2;T102_LO10
T103_LO4,103,4,T103_LO3
T103_LO5,103,5,T103_LO4
T103_LO6,103,6,T103_LO5;T102_LO2
T103_LO7,103,7,T103_LO6
T103_LO8,103,8,T103_LO7
T103_LO9,103,9,T103_LO8
T103_LO10,103,10,T103_LO9;T102_LO4
T104_LO1,104,1,
T104_LO2,104,2,T104_LO1
T104_LO3,104,3,T104_LO2
T104_LO4,104,4,T104_LO3;T103_LO6
T104_LO5,104,5,T104_LO4
T104_LO6,104,6,T104_LO5
T104_LO7,104,7,T104_LO6
T104_LO8,104,8,T104_LO7
T104_LO9,104,9,T104_LO8
T104_LO10,104,10,T104_LO9
T105_LO1,105,1,
T105_LO2,105,2,T105_LO1
T105_LO3,105,3,T105_LO2;T104_LO3
T105_LO4,105,4,T105_LO3
T105_LO5,105,5,T105_LO4
T105_LO6,105,6,T105_LO5
T105_LO7,105,7,T105_LO6
T105_LO8,105,8,T105_LO7
T105_LO9,105,9,T105_LO8
T105_LO10,105,10,T105_LO9
T106_LO1,106,1,
T106_LO2,106,2,T106_LO1;T105_LO10
T106_LO3,106,3,T106_LO2
T106_LO4,106,4,T106_LO3
T106_LO5,106,5,T106_LO4
T106_LO6,106,6,T106_LO5
T106_LO7,106,7,T106_LO6
T106_LO8,106,8,T106_LO7;T105_LO2
T106_LO9,106,9,T106_LO8
T106_LO10,106,10,T106_LO9
T107_LO1,107,1,
T107_LO2,107,2,T107_LO1
T107_LO3,107,3,T107_LO2
T107_LO4,107,4,T107_LO3
T107_LO5,107,5,T107_LO4
T107_LO6,107,6,T107_LO5
T107_LO7,107,7,T107_LO6
T107_LO8,107,8,T107_LO7
T107_LO9,107,9,T107_LO8
T107_LO10,107,10,T107_LO9
T108_LO1,108,1,
T108_LO2,108,2,T108_LO1
T108_LO3,108,3,T108_LO2
T108_LO4,108,4,T108_LO3
T108_LO5,108,5,T108_LO4;T107_LO7
T108_LO6,108,6,T108_LO5
T108_LO7,108,7,T108_LO6
T108_LO8,108,8,T108_LO7
T108_LO9,108,9,T108_LO8
T108_LO10,108,10,T108_LO9
T109_LO1,109,1,
T109_LO2,109,2,T109_LO1
T109_LO3,109,3,T109_LO2
T109_LO4,109,4,T109_LO3
T109_LO5,109,5,T109_LO4
T109_LO6,109,6,T109_LO5;T108_LO8
T109_LO7,109,7,T109_LO6
T109_LO8,109,8,T109_LO7;T108_LO7
T109_LO9,109,9,T109_LO8
T109_LO10,109,10,T109_LO9;T108_LO8
T110_LO1,110,1,
T110_LO2,110,2,T110_LO1;T109_LO6
T110_LO3,110,3,T110_LO2
T110_LO4,110,4,T110_LO3
T110_LO5,110,5,T110_LO4
T110_LO6,110,6,T110_LO5
T110_LO7,110,7,T110_LO6
T110_LO8,110,8,T110_LO7
T110_LO9,110,9,T110_LO8
T110_LO10,110,10,T110_LO9
T111_LO1,111,1,
T111_LO2,111,2,T111_LO1
T111_LO3,111,3,T111_LO2
T111_LO4,111,4,T111_LO3
T111_LO5,111,5,T111_LO4;T110_LO10
T111_LO6,111,6,T111_LO5
T111_LO7,111,7,T111_LO6
T111_LO8,111,8,T111_LO7;T110_LO7
T111_LO9,111,9,T111_LO8
T111_LO10,111,10,T111_LO9
T112_LO1,112,1,
T112_LO2,112,2,T112_LO1
T112_LO3,112,3,T112_LO2
T112_LO4,112,4,T112_LO3
T112_LO5,112,5,T112_LO4
T112_LO6,112,6,T112_LO5
T112_LO7,112,7,T112_LO6
T112_LO8,112,8,T112_LO7
T112_LO9,112,9,T112_LO8
T112_LO10,112,10,T112_LO9;T111_LO1
T113_LO1,113,1,
T113_LO2,113,2,T113_LO1
T113_LO3,113,3,T113_LO2
T113_LO4,113,4,T113_LO3
T113_LO5,113,5,T113_LO4
T113_LO6,113,6,T113_LO5
T113_LO7,113,7,T113_LO6
T113_LO8,113,8,T113_LO7
T113_LO9,113,9,T113_LO8
T113_LO10,113,10,T113_LO9
T114_LO1,114,1,
T114_LO2,114,2,T114_LO1
T114_LO3,114,3,T114_LO2
T114_LO4,114,4,T114_LO3
T114_LO5,114,5,T114_LO4
T114_LO6,114,6,T114_LO5
T114_LO7,114,7,T114_LO6
T114_LO8,114,8,T114_LO7
T114_LO9,114,9,T114_LO8
T114_LO10,114,10,T114_LO9
T115_LO1,115,1,
T115_LO2,115,2,T115_LO1
T115_LO3,115,3,T115_LO2
T115_LO4,115,4,T115_LO3
T115_LO5,115,5,T115_LO4
T115_LO6,115,6,T115_LO5
T115_LO7,115,7,T115_LO6
T115_LO8,115,8,T115_LO7
T115_LO9,115,9,T115_LO8
T115_LO10,115,10,T115_LO9
T116_LO1,116,1,
T116_LO2,116,2,T116_LO1
T116_LO3,116,3,T116_LO2
T116_LO4,116,4,T116_LO3
T116_LO5,116,5,T116_LO4
T116_LO6,116,6,T116_LO5
T116_LO7,116,7,T116_LO6
T116_LO8,116,8,T116_LO7
T116_LO9,116,9,T116_LO8
T116_LO10,116,10,T116_LO9
T117_LO1,117,1,
T117_LO2,117,2,T117_LO1
T117_LO3,117,3,T117_LO2
T117_LO4,117,4,T117_LO3
T117_LO5,117,5,T117_LO4;T116_LO8
T117_LO6,117,6,T117_LO5
T117_LO7,117,7,T117_LO6
T117_LO8,117,8,T117_LO7
T117_LO9,117,9,T117_LO8;T116_LO2
T117_LO10,117,10,T117_LO9
T118_LO1,118,1,
T118_LO2,118,2,T118_LO1
T118_LO3,118,3,T118_LO2
T118_LO4,118,4,T118_LO3
T118_LO5,118,5,T118_LO4
T118_LO6,118,6,T118_LO5
T118_LO7,118,7,T118_LO6
T118_LO8,118,8,T118_LO7
T118_LO9,118,9,T118_LO8
T118_LO10,118,10,T118_LO9
T119_LO1,119,1,
T119_LO2,119,2,T119_LO1;T118_LO4
T119_LO3,119,3,T119_LO2
T119_LO4,119,4,T119_LO3;T118_LO8
T119_LO5,119,5,T119_LO4;T118_LO3
T119_LO6,119,6,T119_LO5
T119_LO7,119,7,T119_LO6;T118_LO6
T119_LO8,119,8,T119_LO7
T119_LO9,119,9,T119_LO8
T119_LO10,119,10,T119_LO9;T118_LO1
T120_LO1,120,1,
T120_LO2,120,2,T120_LO1
T120_LO3,120,3,T120_LO2
T120_LO4,120,4,T120_LO3
T120_LO5,120,5,T120_LO4
T120_LO6,120,6,T120_LO5;T119_LO7
T120_LO7,120,7,T120_LO6
T120_LO8,120,8,T120_LO7
T120_LO9,120,9,T120_LO8
T120_LO10,120,10,T120_LO9
T121_LO1,121,1,
T121_LO2,121,2,T121_LO1
T121_LO3,121,3,T121_LO2;T120_LO10
T121_LO4,121,4,T121_LO3;T120_LO8
T121_LO5,121,5,T121_LO4
T121_LO6,121,6,T121_LO5;T120_LO2
T121_LO7,121,7,T121_LO6
T121_LO8,121,8,T121_LO7
T121_LO9,121,9,T121_LO8
T121_LO10,121,10,T121_LO9
T122_LO1,122,1,
T122_LO2,122,2,T122_LO1
T122_LO3,122,3,T122_LO2
T122_LO4,122,4,T122_LO3
T122_LO5,122,5,T122_LO4
T122_LO6,122,6,T122_LO5
T122_LO7,122,7,T122_LO6;T121_LO8
T122_LO8,122,8,T122_LO7
T122_LO9,122,9,T122_LO8
T122_LO10,122,10,T122_LO9
T123_LO1,123,1,
T123_LO2,123,2,T123_LO1;T122_LO5
T123_LO3,123,3,T123_LO2
T123_LO4,123,4,T123_LO3;T122_LO9
T123_LO5,123,5,T123_LO4;T122_LO10
T123_LO6,123,6,T123_LO5
T123_LO7,123,7,T123_LO6
T123_LO8,123,8,T123_LO7
T123_LO9,123,9,T123_LO8
T123_LO10,123,10,T123_LO9
T124_LO1,124,1,
T124_LO2,124,2,T124_LO1
T124_LO3,124,3,T124_LO2
T124_LO4,124,4,T124_LO3
T124_LO5,124,5,T124_LO4
T124_LO6,124,6,T124_LO5
T124_LO7,124,7,T124_LO6
T124_LO8,124,8,T124_LO7
T124_LO9,124,9,T124_LO8
T124_LO10,124,10,T124_LO9
T125_LO1,125,1,
T125_LO2,125,2,T125_LO1
T125_LO3,125,3,T125_LO2;T124_LO9
T125_LO4,125,4,T125_LO3
T125_LO5,125,5,T125_LO4
T125_LO6,125,6,T125_LO5
T125_LO7,125,7,T125_LO6
T125_LO8,125,8,T125_LO7
T125_LO9,125,9,T125_LO8
T125_LO10,125,10,T125_LO9
T126_LO1,126,1,
T126_LO2,126,2,T126_LO1
T126_LO3,126,3,T126_LO2
T126_LO4,126,4,T126_LO3
T126_LO5,126,5,T126_LO4
T126_LO6,126,6,T126_LO5
T126_LO7,126,7,T126_LO6
T126_LO8,126,8,T126_LO7
T126_LO9,126,9,T126_LO8
T126_LO10,126,10,T126_LO9
T127_LO1,127,1,
T127_LO2,127,2,T127_LO1
T127_LO3,127,3,T127_LO2
T127_LO4,127,4,T127_LO3
T127_LO5,127,5,T127_LO4
T127_LO6,127,6,T127_LO5
T127_LO7,127,7,T127_LO6
T127_LO8,127,8,T127_LO7
T127_LO9,127,9,T127_LO8
T127_LO10,127,10,T127_LO9
T128_LO1,128,1,
T128_LO2,128,2,T128_LO1
T128_LO3,128,3,T128_LO2
T128_LO4,128,4,T128_LO3
T128_LO5,128,5,T128_LO4
T128_LO6,128,6,T128_LO5
T128_LO7,128,7,T128_LO6
T128_LO8,128,8,T128_LO7
T128_LO9,128,9,T128_LO8
T128_LO10,128,10,T128_LO9
T129_LO1,129,1,
T129_LO2,129,2,T129_LO1
T129_LO3,129,3,T129_LO2
T129_LO4,129,4,T129_LO3
T129_LO5,129,5,T129_LO4
T129_LO6,129,6,T129_LO5
T129_LO7,129,7,T129_LO6
T129_LO8,129,8,T129_LO7
T129_LO9,129,9,T129_LO8
T129_LO10,129,10,T129_LO9;T128_LO3
T130_LO1,130,1,
T130_LO2,130,2,T130_LO1
T130_LO3,130,3,T130_LO2
T130_LO4,130,4,T130_LO3
T130_LO5,130,5,T130_LO4;T129_LO10
T130_LO6,130,6,T130_LO5
T130_LO7,130,7,T130_LO6;T129_LO7
T130_LO8,130,8,T130_LO7
T130_LO9,130,9,T130_LO8
T130_LO10,130,10,T130_LO9
T131_LO1,131,1,
T131_LO2,131,2,T131_LO1
T131_LO3,131,3,T131_LO2
T131_LO4,131,4,T131_LO3
T131_LO5,131,5,T131_LO4
T131_LO6,131,6,T131_LO5
T131_LO7,131,7,T131_LO6;T130_LO9
T131_LO8,131,8,T131_LO7
T131_LO9,131,9,T131_LO8
T131_LO10,131,10,T131_LO9
T132_LO1,132,1,
T132_LO2,132,2,T132_LO1
T132_LO3,132,3,T132_LO2
T132_LO4,132,4,T132_LO3;T131_LO7
T132_LO5,132,5,T132_LO4
T132_LO6,132,6,T132_LO5;T131_LO7
T132_LO7,132,7,T132_LO6
T132_LO8,132,8,T132_LO7;T131_LO8
T132_LO9,132,9,T132_LO8
T132_LO10,132,10,T132_LO9
T133_LO1,133,1,
T133_LO2,133,2,T133_LO1
T133_LO3,133,3,T133_LO2
T133_LO4,133,4,T133_LO3
T133_LO5,133,5,T133_LO4
T133_LO6,133,6,T133_LO5
T133_LO7,133,7,T133_LO6
T133_LO8,133,8,T133_LO7
T133_LO9,133,9,T133_LO8;T132_LO7
T133_LO10,133,10,T133_LO9
T134_LO1,134,1,
T134_LO2,134,2,T134_LO1;T133_LO4
T134_LO3,134,3,T134_LO2
T134_LO4,134,4,T134_LO3
T134_LO5,134,5,T134_LO4
T134_LO6,134,6,T134_LO5
T134_LO7,134,7,T134_LO6
T134_LO8,134,8,T134_LO7;T133_LO8
T134_LO9,134,9,T134_LO8
T134_LO10,134,10,T134_LO9
T135_LO1,135,1,
T135_LO2,135,2,T135_LO1;T134_LO10
T135_LO3,135,3,T135_LO2
T135_LO4,135,4,T135_LO3
T135_LO5,135,5,T135_LO4
T135_LO6,135,6,T135_LO5
T135_LO7,135,7,T135_LO6
T135_LO8,135,8,T135_LO7
T135_LO9,135,9,T135_LO8
T135_LO10,135,10,T135_LO9
T136_LO1,136,1,
T136_LO2,136,2,T136_LO1
T136_LO3,136,3,T136_LO2
T136_LO4,136,4,T136_LO3
T136_LO5,136,5,T136_LO4
T136_LO6,136,6,T136_LO5
T136_LO7,136,7,T136_LO6
T136_LO8,136,8,T136_LO7
T136_LO9,136,9,T136_LO8
T136_LO10,136,10,T136_LO9
T137_LO1,137,1,
T137_LO2,137,2,T137_LO1
T137_LO3,137,3,T137_LO2
T137_LO4,137,4,T137_LO3
T137_LO5,137,5,T137_LO4
T137_LO6,137,6,T137_LO5
T137_LO7,137,7,T137_LO6
T137_LO8,137,8,T137_LO7
T137_LO9,137,9,T137_LO8
T137_LO10,137,10,T137_LO9
T138_LO1,138,1,
T138_LO2,138,2,T138_LO1
T138_LO3,138,3,T138_LO2
T138_LO4,138,4,T138_LO3
T138_LO5,138,5,T138_LO4
T138_LO6,138,6,T138_LO5
T138_LO7,138,7,T138_LO6;T137_LO1
T138_LO8,138,8,T138_LO7
T138_LO9,138,9,T138_LO8
T138_LO10,138,10,T138_LO9
T139_LO1,139,1,
T139_LO2,139,2,T139_LO1
T139_LO3,139,3,T139_LO2;T138_LO9
T139_LO4,139,4,T139_LO3
T139_LO5,139,5,T139_LO4
T139_LO6,139,6,T139_LO5
T139_LO7,139,7,T139_LO6
T139_LO8,139,8,T139_LO7
T139_LO9,139,9,T139_LO8
T139_LO10,139,10,T139_LO9
T140_LO1,140,1,
T140_LO2,140,2,T140_LO1
T140_LO3,140,3,T140_LO2
T140_LO4,140,4,T140_LO3
T140_LO5,140,5,T140_LO4
T140_LO6,140,6,T140_LO5
T140_LO7,140,7,T140_LO6
T140_LO8,140,8,T140_LO7
T140_LO9,140,9,T140_LO8
T140_LO10,140,10,T140_LO9
T141_LO1,141,1,
T141_LO2,141,2,T141_LO1
T141_LO3,141,3,T141_LO2
T141_LO4,141,4,T141_LO3
T141_LO5,141,5,T141_LO4
T141_LO6,141,6,T141_LO5
T141_LO7,141,7,T141_LO6
T141_LO8,141,8,T141_LO7
T141_LO9,141,9,T141_LO8
T141_LO10,141,10,T141_LO9
T142_LO1,142,1,
T142_LO2,142,2,T142_LO1
T142_LO3,142,3,T142_LO2
T142_LO4,142,4,T142_LO3
T142_LO5,142,5,T142_LO4
T142_LO6,142,6,T142_LO5
T142_LO7,142,7,T142_LO6
T142_LO8,142,8,T142_LO7
T142_LO9,142,9,T142_LO8
T142_LO10,142,10,T142_LO9
T143_LO1,143,1,
T143_LO2,143,2,T143_LO1
T143_LO3,143,3,T143_LO2
T143_LO4,143,4,T143_LO3
T143_LO5,143,5,T143_LO4
T143_LO6,143,6,T143_LO5
T143_LO7,143,7,T143_LO6
T143_LO8,143,8,T143_LO7
T143_LO9,143,9,T143_LO8
T143_LO10,143,10,T143_LO9
T144_LO1,144,1,
T144_LO2,144,2,T144_LO1
T144_LO3,144,3,T144_LO2
T144_LO4,144,4,T144_LO3
T144_LO5,144,5,T144_LO4
T144_LO6,144,6,T144_LO5
T144_LO7,144,7,T144_LO6
T144_LO8,144,8,T144_LO7
T144_LO9,144,9,T144_LO8
T144_LO10,144,10,T144_LO9
T145_LO1,145,1,
T145_LO2,145,2,T145_LO1
T145_LO3,145,3,T145_LO2
T145_LO4,145,4,T145_LO3
T145_LO5,145,5,T145_LO4
T145_LO6,145,6,T145_LO5
T145_LO7,145,7,T145_LO6
T145_LO8,145,8,T145_LO7
T145_LO9,145,9,T145_LO8
T145_LO10,145,10,T145_LO9
T146_LO1,146,1,
T146_LO2,146,2,T146_LO1;T145_LO6
T146_LO3,146,3,T146_LO2
T146_LO4,146,4,T146_LO3
T146_LO5,146,5,T146_LO4
T146_LO6,146,6,T146_LO5
T146_LO7,146,7,T146_LO6
T146_LO8,146,8,T146_LO7
T146_LO9,146,9,T146_LO8
T146_LO10,146,10,T146_LO9
T147_LO1,147,1,
T147_LO2,147,2,T147_LO1
T147_LO3,147,3,T147_LO2
T147_LO4,147,4,T147_LO3
T147_LO5,147,5,T147_LO4
T147_LO6,147,6,T147_LO5
T147_LO7,147,7,T147_LO6
T147_LO8,147,8,T147_LO7
T147_LO9,147,9,T147_LO8
T147_LO10,147,10,T147_LO9
T148_LO1,148,1,
T148_LO2,148,2,T148_LO1
T148_LO3,148,3,T148_LO2
T148_LO4,148,4,T148_LO3
T148_LO5,148,5,T148_LO4
T148_LO6,148,6,T148_LO5
T148_LO7,148,7,T148_LO6
T148_LO8,148,8,T148_LO7;T147_LO1
T148_LO9,148,9,T148_LO8
T148_LO10,148,10,T148_LO9
T149_LO1,149,1,
T149_LO2,149,2,T149_LO1
T149_LO3,149,3,T149_LO2
T149_LO4,149,4,T149_LO3;T148_LO2
T149_LO5,149,5,T149_LO4
T149_LO6,149,6,T149_LO5
T149_LO7,149,7,T149_LO6
T149_LO8,149,8,T149_LO7
T149_LO9,149,9,T149_LO8
T149_LO10,149,10,T149_LO9
T150_LO1,150,1,
T150_LO2,150,2,T150_LO1
T150_LO3,150,3,T150_LO2
T150_LO4,150,4,T150_LO3
T150_LO5,150,5,T150_LO4;T149_LO4
T150_LO6,150,6,T150_LO5
T150_LO7,150,7,T150_LO6
T150_LO8,150,8,T150_LO7
T150_LO9,150,9,T150_LO8
T150_LO10,150,10,T150_LO9
T151_LO1,151,1,
T151_LO2,151,2,T151_LO1
T151_LO3,151,3,T151_LO2
T151_LO4,151,4,T151_LO3
T151_LO5,151,5,T151_LO4
T151_LO6,151,6,T151_LO5
T151_LO7,151,7,T151_LO6;T150_LO10
T151_LO8,151,8,T151_LO7
T151_LO9,151,9,T151_LO8
T151_LO10,151,10,T151_LO9
T152_LO1,152,1,
T152_LO2,152,2,T152_LO1;T151_LO10
T152_LO3,152,3,T152_LO2
T152_LO4,152,4,T152_LO3
T152_LO5,152,5,T152_LO4
T152_LO6,152,6,T152_LO5
T152_LO7,152,7,T152_LO6
T152_LO8,152,8,T152_LO7
T152_LO9,152,9,T152_LO8
T152_LO10,152,10,T152_LO9
T153_LO1,153,1,
T153_LO2,153,2,T153_LO1;T152_LO6
T153_LO3,153,3,T153_LO2;T152_LO4
T153_LO4,153,4,T153_LO3
T153_LO5,153,5,T153_LO4
T153_LO6,153,6,T153_LO5
T153_LO7,153,7,T153_LO6
T153_LO8,153,8,T153_LO7
T153_LO9,153,9,T153_LO8;T152_LO7
T153_LO10,153,10,T153_LO9
T154_LO1,154,1,
T154_LO2,154,2,T154_LO1
T154_LO3,154,3,T154_LO2
T154_LO4,154,4,T154_LO3
T154_LO5,154,5,T154_LO4
T154_LO6,154,6,T154_LO5
T154_LO7,154,7,T154_LO6
T154_LO8,154,8,T154_LO7
T154_LO9,154,9,T154_LO8
T154_LO10,154,10,T154_LO9
T155_LO1,155,1,
T155_LO2,155,2,T155_LO1
T155_LO3,155,3,T155_LO2
T155_LO4,155,4,T155_LO3;T154_LO9
T155_LO5,155,5,T155_LO4
T155_LO6,155,6,T155_LO5
T155_LO7,155,7,T155_LO6
T155_LO8,155,8,T155_LO7;T154_LO9
T155_LO9,155,9,T155_LO8
T155_LO10,155,10,T155_LO9
T156_LO1,156,1,
T156_LO2,156,2,T156_LO1
T156_LO3,156,3,T156_LO2
T156_LO4,156,4,T156_LO3
T156_LO5,156,5,T156_LO4
T156_LO6,156,6,T156_LO5
T156_LO7,156,7,T156_LO6;T155_LO8
T156_LO8,156,8,T156_LO7;T155_LO7
T156_LO9,156,9,T156_LO8
T156_LO10,156,10,T156_LO9
T157_LO1,157,1,
T157_LO2,157,2,T157_LO1;T156_LO4
T157_LO3,157,3,T157_LO2;T156_LO8
T157_LO4,157,4,T157_LO3
T157_LO5,157,5,T157_LO4
T157_LO6,157,6,T157_LO5
T157_LO7,157,7,T157_LO6
T157_LO8,157,8,T157_LO7
T157_LO9,157,9,T157_LO8;T156_LO5
T157_LO10,157,10,T157_LO9
T158_LO1,158,1,
T158_LO2,158,2,T158_LO1
T158_LO3,158,3,T158_LO2
T158_LO4,158,4,T158_LO3;T157_LO1
T158_LO5,158,5,T158_LO4
T158_LO6,158,6,T158_LO5
T158_LO7,158,7,T158_LO6
T158_LO8,158,8,T158_LO7
T158_LO9,158,9,T158_LO8
T158_LO10,158,10,T158_LO9
T159_LO1,159,1,
T159_LO2,159,2,T159_LO1
T159_LO3,159,3,T159_LO2
T159_LO4,159,4,T159_LO3
T159_LO5,159,5,T159_LO4;T158_LO9
T159_LO6,159,6,T159_LO5
T159_LO7,159,7,T159_LO6
T159_LO8,159,8,T159_LO7
T159_LO9,159,9,T159_LO8
T159_LO10,159,10,T159_LO9
T160_LO1,160,1,
T160_LO2,160,2,T160_LO1
T160_LO3,160,3,T160_LO2
T160_LO4,160,4,T160_LO3;T159_LO8
T160_LO5,160,5,T160_LO4;T159_LO1
T160_LO6,160,6,T160_LO5
T160_LO7,160,7,T160_LO6
T160_LO8,160,8,T160_LO7
T160_LO9,160,9,T160_LO8
T160_LO10,160,10,T160_LO9
T161_LO1,161,1,
T161_LO2,161,2,T161_LO1
T161_LO3,161,3,T161_LO2
T161_LO4,161,4,T161_LO3
T161_LO5,161,5,T161_LO4
T161_LO6,161,6,T161_LO5
T161_LO7,161,7,T161_LO6;T160_LO6
T161_LO8,161,8,T161_LO7;T160_LO6
T161_LO9,161,9,T161_LO8
T161_LO10,161,10,T161_LO9
T162_LO1,162,1,
T162_LO2,162,2,T162_LO1
T162_LO3,162,3,T162_LO2
T162_LO4,162,4,T162_LO3
T162_LO5,162,5,T162_LO4
T162_LO6,162,6,T162_LO5
T162_LO7,162,7,T162_LO6
T162_LO8,162,8,T162_LO7
T162_LO9,162,9,T162_LO8
T162_LO10,162,10,T162_LO9;T161_LO8
T163_LO1,163,1,
T163_LO2,163,2,T163_LO1
T163_LO3,163,3,T163_LO2
T163_LO4,163,4,T163_LO3
T163_LO5,163,5,T163_LO4
T163_LO6,163,6,T163_LO5
T163_LO7,163,7,T163_LO6
T163_LO8,163,8,T163_LO7
T163_LO9,163,9,T163_LO8;T162_LO8
T163_LO10,163,10,T163_LO9;T162_LO7
T164_LO1,164,1,
T164_LO2,164,2,T164_LO1
T164_LO3,164,3,T164_LO2
T164_LO4,164,4,T164_LO3
T164_LO5,164,5,T164_LO4
T164_LO6,164,6,T164_LO5
T164_LO7,164,7,T164_LO6
T164_LO8,164,8,T164_LO7
T164_LO9,164,9,T164_LO8
T164_LO10,164,10,T164_LO9
T165_LO1,165,1,
T165_LO2,165,2,T165_LO1
T165_LO3,165,3,T165_LO2
T165_LO4,165,4,T165_LO3
T165_LO5,165,5,T165_LO4
T165_LO6,165,6,T165_LO5
T165_LO7,165,7,T165_LO6
T165_LO8,165,8,T165_LO7
T165_LO9,165,9,T165_LO8
T165_LO10,165,10,T165_LO9
T166_LO1,166,1,
T166_LO2,166,2,T166_LO1
T166_LO3,166,3,T166_LO2
T166_LO4,166,4,T166_LO3
T166_LO5,166,5,T166_LO4
T166_LO6,166,6,T166_LO5;T165_LO6
T166_LO7,166,7,T166_LO6
T166_LO8,166,8,T166_LO7
T166_LO9,166,9,T166_LO8
T166_LO10,166,10,T166_LO9
T167_LO1,167,1,
T167_LO2,167,2,T167_LO1
T167_LO3,167,3,T167_LO2
T167_LO4,167,4,T167_LO3
T167_LO5,167,5,T167_LO4
T167_LO6,167,6,T167_LO5
T167_LO7,167,7,T167_LO6
T167_LO8,167,8,T167_LO7
T167_LO9,167,9,T167_LO8;T166_LO1
T167_LO10,167,10,T167_LO9
T168_LO1,168,1,
T168_LO2,168,2,T168_LO1
T168_LO3,168,3,T168_LO2
T168_LO4,168,4,T168_LO3
T168_LO5,168,5,T168_LO4
T168_LO6,168,6,T168_LO5
T168_LO7,168,7,T168_LO6
T168_LO8,168,8,T168_LO7
T168_LO9,168,9,T168_LO8
T168_LO10,168,10,T168_LO9
T169_LO1,169,1,
T169_LO2,169,2,T169_LO1
T169_LO3,169,3,T169_LO2
T169_LO4,169,4,T169_LO3
T169_LO5,169,5,T169_LO4
T169_LO6,169,6,T169_LO5
T169_LO7,169,7,T169_LO6
T169_LO8,169,8,T169_LO7
T169_LO9,169,9,T169_LO8
T169_LO10,169,10,T169_LO9
T170_LO1,170,1,
T170_LO2,170,2,T170_LO1
T170_LO3,170,3,T170_LO2
T170_LO4,170,4,T170_LO3
T170_LO5,170,5,T170_LO4
T170_LO6,170,6,T170_LO5
T170_LO7,170,7,T170_LO6
T170_LO8,170,8,T170_LO7
T170_LO9,170,9,T170_LO8
T170_LO10,170,10,T170_LO9
T171_LO1,171,1,
T171_LO2,171,2,T171_LO1
T171_LO3,171,3,T171_LO2
T171_LO4,171,4,T171_LO3
T171_LO5,171,5,T171_LO4
T171_LO6,171,6,T171_LO5
T171_LO7,171,7,T171_LO6;T170_LO9
T171_LO8,171,8,T171_LO7
T171_LO9,171,9,T171_LO8
T171_LO10,171,10,T171_LO9
T172_LO1,172,1,
T172_LO2,172,2,T172_LO1
T172_LO3,172,3,T172_LO2
T172_LO4,172,4,T172_LO3
T172_LO5,172,5,T172_LO4
T172_LO6,172,6,T172_LO5
T172_LO7,172,7,T172_LO6
T172_LO8,172,8,T172_LO7;T171_LO8
T172_LO9,172,9,T172_LO8
T172_LO10,172,10,T172_LO9;T171_LO4
T173_LO1,173,1,
T173_LO2,173,2,T173_LO1
T173_LO3,173,3,T173_LO2
T173_LO4,173,4,T173_LO3
T173_LO5,173,5,T173_LO4
T173_LO6,173,6,T173_LO5
T173_LO7,173,7,T173_LO6
T173_LO8,173,8,T173_LO7
T173_LO9,173,9,T173_LO8
T173_LO10,173,10,T173_LO9
T174_LO1,174,1,
T174_LO2,174,2,T174_LO1
T174_LO3,174,3,T174_LO2
T174_LO4,174,4,T174_LO3
T174_LO5,174,5,T174_LO4
T174_LO6,174,6,T174_LO5
T174_LO7,174,7,T174_LO6
T174_LO8,174,8,T174_LO7
T174_LO9,174,9,T174_LO8
T174_LO10,174,10,T174_LO9;T173_LO8
T175_LO1,175,1,
T175_LO2,175,2,T175_LO1
T175_LO3,175,3,T175_LO2
T175_LO4,175,4,T175_LO3
T175_LO5,175,5,T175_LO4
T175_LO6,175,6,T175_LO5
T175_LO7,175,7,T175_LO6
T175_LO8,175,8,T175_LO7
T175_LO9,175,9,T175_LO8
T175_LO10,175,10,T175_LO9
T176_LO1,176,1,
T176_LO2,176,2,T176_LO1
T176_LO3,176,3,T176_LO2
T176_LO4,176,4,T176_LO3
T176_LO5,176,5,T176_LO4
T176_LO6,176,6,T176_LO5
T176_LO7,176,7,T176_LO6;T175_LO3
T176_LO8,176,8,T176_LO7
T176_LO9,176,9,T176_LO8
T176_LO10,176,10,T176_LO9
T177_LO1,177,1,
T177_LO2,177,2,T177_LO1
T177_LO3,177,3,T177_LO2
T177_LO4,177,4,T177_LO3
T177_LO5,177,5,T177_LO4
T177_LO6,177,6,T177_LO5
T177_LO7,177,7,T177_LO6
T177_LO8,177,8,T177_LO7
T177_LO9,177,9,T177_LO8
T177_LO10,177,10,T177_LO9
T178_LO1,178,1,
T178_LO2,178,2,T178_LO1
T178_LO3,178,3,T178_LO2
T178_LO4,178,4,T178_LO3
T178_LO5,178,5,T178_LO4
T178_LO6,178,6,T178_LO5
T178_LO7,178,7,T178_LO6
T178_LO8,178,8,T178_LO7
T178_LO9,178,9,T178_LO8
T178_LO10,178,10,T178_LO9
T179_LO1,179,1,
T179_LO2,179,2,T179_LO1
T179_LO3,179,3,T179_LO2;T178_LO2
T179_LO4,179,4,T179_LO3;T178_LO6
T179_LO5,179,5,T179_LO4
T179_LO6,179,6,T179_LO5
T179_LO7,179,7,T179_LO6
T179_LO8,179,8,T179_LO7
T179_LO9,179,9,T179_LO8
T179_LO10,179,10,T179_LO9
T180_LO1,180,1,
T180_LO2,180,2,T180_LO1;T179_LO5
T180_LO3,180,3,T180_LO2
T180_LO4,180,4,T180_LO3
T180_LO5,180,5,T180_LO4
T180_LO6,180,6,T180_LO5
T180_LO7,180,7,T180_LO6
T180_LO8,180,8,T180_LO7
T180_LO9,180,9,T180_LO8
T180_LO10,180,10,T180_LO9
T181_LO1,181,1,
T181_LO2,181,2,T181_LO1
T181_LO3,181,3,T181_LO2
T181_LO4,181,4,T181_LO3;T180_LO1
T181_LO5,181,5,T181_LO4
T181_LO6,181,6,T181_LO5
T181_LO7,181,7,T181_LO6
T181_LO8,181,8,T181_LO7
T181_LO9,181,9,T181_LO8
T181_LO10,181,10,T181_LO9
T182_LO1,182,1,
T182_LO2,182,2,T182_LO1
T182_LO3,182,3,T182_LO2
T182_LO4,182,4,T182_LO3
T182_LO5,182,5,T182_LO4
T182_LO6,182,6,T182_LO5
T182_LO7,182,7,T182_LO6
T182_LO8,182,8,T182_LO7
T182_LO9,182,9,T182_LO8
T182_LO10,182,10,T182_LO9
T183_LO1,183,1,
T183_LO2,183,2,T183_LO1
T183_LO3,183,3,T183_LO2
T183_LO4,183,4,T183_LO3
T183_LO5,183,5,T183_LO4
T183_LO6,183,6,T183_LO5
T183_LO7,183,7,T183_LO6
T183_LO8,183,8,T183_LO7
T183_LO9,183,9,T183_LO8;T182_LO1
T183_LO10,183,10,T183_LO9;T182_LO3
T184_LO1,184,1,
T184_LO2,184,2,T184_LO1
T184_LO3,184,3,T184_LO2
T184_LO4,184,4,T184_LO3
T184_LO5,184,5,T184_LO4
T184_LO6,184,6,T184_LO5
T184_LO7,184,7,T184_LO6
T184_LO8,184,8,T184_LO7
T184_LO9,184,9,T184_LO8
T184_LO10,184,10,T184_LO9
T185_LO1,185,1,
T185_LO2,185,2,T185_LO1
T185_LO3,185,3,T185_LO2
T185_LO4,185,4,T185_LO3
T185_LO5,185,5,T185_LO4
T185_LO6,185,6,T185_LO5
T185_LO7,185,7,T185_LO6
T185_LO8,185,8,T185_LO7;T184_LO7
T185_LO9,185,9,T185_LO8
T185_LO10,185,10,T185_LO9;T184_LO9
T186_LO1,186,1,
T186_LO2,186,2,T186_LO1
T186_LO3,186,3,T186_LO2
T186_LO4,186,4,T186_LO3
T186_LO5,186,5,T186_LO4
T186_LO6,186,6,T186_LO5
T186_LO7,186,7,T186_LO6
T186_LO8,186,8,T186_LO7
T186_LO9,186,9,T186_LO8;T185_LO10
T186_LO10,186,10,T186_LO9
T187_LO1,187,1,
T187_LO2,187,2,T187_LO1
T187_LO3,187,3,T187_LO2
T187_LO4,187,4,T187_LO3
T187_LO5,187,5,T187_LO4;T186_LO8
T187_LO6,187,6,T187_LO5
T187_LO7,187,7,T187_LO6
T187_LO8,187,8,T187_LO7
T187_LO9,187,9,T187_LO8;T186_LO3
T187_LO10,187,10,T187_LO9
T188_LO1,188,1,
T188_LO2,188,2,T188_LO1;T187_LO7
T188_LO3,188,3,T188_LO2
T188_LO4,188,4,T188_LO3
T188_LO5,188,5,T188_LO4
T188_LO6,188,6,T188_LO5
T188_LO7,188,7,T188_LO6
T188_LO8,188,8,T188_LO7
T188_LO9,188,9,T188_LO8
T188_LO10,188,10,T188_LO9
T189_LO1,189,1,
T189_LO2,189,2,T189_LO1
T189_LO3,189,3,T189_LO2
T189_LO4,189,4,T189_LO3
T189_LO5,189,5,T189_LO4
T189_LO6,189,6,T189_LO5
T189_LO7,189,7,T189_LO6;T188_LO4
T189_LO8,189,8,T189_LO7
T189_LO9,189,9,T189_LO8
T189_LO10,189,10,T189_LO9
T190_LO1,190,1,
T190_LO2,190,2,T190_LO1
T190_LO3,190,3,T190_LO2
T190_LO4,190,4,T190_LO3
T190_LO5,190,5,T190_LO4
T190_LO6,190,6,T190_LO5
T190_LO7,190,7,T190_LO6;T189_LO5
T190_LO8,190,8,T190_LO7
T190_LO9,190,9,T190_LO8
T190_LO10,190,10,T190_LO9
T191_LO1,191,1,
T191_LO2,191,2,T191_LO1
T191_LO3,191,3,T191_LO2
T191_LO4,191,4,T191_LO3
T191_LO5,191,5,T191_LO4;T190_LO4
T191_LO6,191,6,T191_LO5
T191_LO7,191,7,T191_LO6
T191_LO8,191,8,T191_LO7
T191_LO9,191,9,T191_LO8
T191_LO10,191,10,T191_LO9
T192_LO1,192,1,
T192_LO2,192,2,T192_LO1;T191_LO1
T192_LO3,192,3,T192_LO2
T192_LO4,192,4,T192_LO3
T192_LO5,192,5,T192_LO4
T192_LO6,192,6,T192_LO5;T191_LO1
T192_LO7,192,7,T192_LO6
T192_LO8,192,8,T192_LO7
T192_LO9,192,9,T192_LO8
T192_LO10,192,10,T192_LO9
T193_LO1,193,1,
T193_LO2,193,2,T193_LO1
T193_LO3,193,3,T193_LO2;T192_LO1
T193_LO4,193,4,T193_LO3
T193_LO5,193,5,T193_LO4
T193_LO6,193,6,T193_LO5
T193_LO7,193,7,T193_LO6
T193_LO8,193,8,T193_LO7
T193_LO9,193,9,T193_LO8
T193_LO10,193,10,T193_LO9
T194_LO1,194,1,
T194_LO2,194,2,T194_LO1
T194_LO3,194,3,T194_LO2
T194_LO4,194,4,T194_LO3
T194_LO5,194,5,T194_LO4
T194_LO6,194,6,T194_LO5
T194_LO7,194,7,T194_LO6
T194_LO8,194,8,T194_LO7
T194_LO9,194,9,T194_LO8
T194_LO10,194,10,T194_LO9
T195_LO1,195,1,
T195_LO2,195,2,T195_LO1
T195_LO3,195,3,T195_LO2
T195_LO4,195,4,T195_LO3
T195_LO5,195,5,T195_LO4
T195_LO6,195,6,T195_LO5
T195_LO7,195,7,T195_LO6
T195_LO8,195,8,T195_LO7
T195_LO9,195,9,T195_LO8;T194_LO9
T195_LO10,195,10,T195_LO9
T196_LO1,196,1,
T196_LO2,196,2,T196_LO1
T196_LO3,196,3,T196_LO2
T196_LO4,196,4,T196_LO3
T196_LO5,196,5,T196_LO4
T196_LO6,196,6,T196_LO5
T196_LO7,196,7,T196_LO6
T196_LO8,196,8,T196_LO7
T196_LO9,196,9,T196_LO8
T196_LO10,196,10,T196_LO9
T197_LO1,197,1,
T197_LO2,197,2,T197_LO1
T197_LO3,197,3,T197_LO2
T197_LO4,197,4,T197_LO3
T197_LO5,197,5,T197_LO4
T197_LO6,197,6,T197_LO5
T197_LO7,197,7,T197_LO6
T197_LO8,197,8,T197_LO7
T197_LO9,197,9,T197_LO8;T196_LO6
T197_LO10,197,10,T197_LO9
T198_LO1,198,1,
T198_LO2,198,2,T198_LO1
T198_LO3,198,3,T198_LO2
T198_LO4,198,4,T198_LO3
T198_LO5,198,5,T198_LO4;T197_LO7
T198_LO6,198,6,T198_LO5
T198_LO7,198,7,T198_LO6
T198_LO8,198,8,T198_LO7
T198_LO9,198,9,T198_LO8
T198_LO10,198,10,T198_LO9
T199_LO1,199,1,
T199_LO2,199,2,T199_LO1
T199_LO3,199,3,T199_LO2
T199_LO4,199,4,T199_LO3
T199_LO5,199,5,T199_LO4
T199_LO6,199,6,T199_LO5
T199_LO7,199,7,T199_LO6
T199_LO8,199,8,T199_LO7
T199_LO9,199,9,T199_LO8;T198_LO2
T199_LO10,199,10,T199_LO9
T200_LO1,200,1,
T200_LO2,200,2,T200_LO1
T200_LO3,200,3,T200_LO2
T200_LO4,200,4,T200_LO3
T200_LO5,200,5,T200_LO4
T200_LO6,200,6,T200_LO5
T200_LO7,200,7,T200_LO6
T200_LO8,200,8,T200_LO7
T200_LO9,200,9,T200_LO8
T200_LO10,200,10,T200_LO9;T199_LO8
